model,accuracy,precision_w,recall_w,f1_w
MLP (scaled),0.9970760233918129,1.0,0.9970760233918129,0.9984051036682615
Random Forest,1.0,1.0,1.0,1.0
SVM (scaled),0.9649122807017544,0.9649122807017544,0.9649122807017544,0.9649122807017544
